Gene_ID,Gene_Name,logFC,P.Value,adj.P.Val
ENSG00000175899,A2M,-1.869823972,1.99E-39,4.37E-38
ENSG00000114771,AADAC,-1.379855042,1.60E-05,3.27E-05
ENSG00000154263,ABCA10,-1.18650586,8.71E-10,2.69E-09
ENSG00000167972,ABCA3,-2.112210457,4.28E-26,4.39E-25
ENSG00000154262,ABCA6,-1.139828969,2.90E-11,1.02E-10
ENSG00000141338,ABCA8,-2.829873317,4.54E-44,1.27E-42
ENSG00000154258,ABCA9,-1.64637457,3.42E-24,3.10E-23
ENSG00000118777,ABCG2,-2.056625308,3.43E-48,1.19E-46
ENSG00000154175,ABI3BP,-2.503007225,1.06E-48,3.79E-47
ENSG00000115361,ACADL,-3.128014706,1.64E-40,3.83E-39
ENSG00000129048,ACKR4,-2.393677456,1.63E-33,2.59E-32
ENSG00000153093,ACOXL,-1.572748464,1.17E-26,1.25E-25
ENSG00000111058,ACSS3,-1.611770597,6.69E-20,4.50E-19
ENSG00000163017,ACTG2,-1.295927844,2.82E-12,1.08E-11
ENSG00000139567,ACVRL1,-2.582818908,1.66E-121,2.67E-118
ENSG00000154734,ADAMTS1,-2.337798257,8.05E-53,3.47E-51
ENSG00000156218,ADAMTSL3,-2.313766966,4.72E-42,1.19E-40
ENSG00000197381,ADARB1,-1.769377387,4.55E-66,3.48E-64
ENSG00000129467,ADCY4,-1.769866311,2.58E-53,1.14E-51
ENSG00000135298,ADGRB3,-1.533334915,7.91E-11,2.68E-10
ENSG00000111452,ADGRD1,-1.293387039,8.11E-11,2.75E-10
ENSG00000174837,ADGRE1,-2.688769077,5.98E-41,1.42E-39
ENSG00000131355,ADGRE3,-2.874284459,1.62E-50,6.31E-49
ENSG00000069122,ADGRF5,-1.099929802,1.78E-09,5.34E-09
ENSG00000117114,ADGRL2,-1.896571524,3.75E-41,9.03E-40
ENSG00000150471,ADGRL3,-1.16341449,4.25E-07,1.01E-06
ENSG00000162618,ADGRL4,-1.292783739,1.74E-32,2.61E-31
ENSG00000187758,ADH1A,-2.003158496,7.25E-12,2.68E-11
ENSG00000196616,ADH1B,-3.273521732,6.66E-35,1.15E-33
ENSG00000120907,ADRA1A,-3.395675828,1.17E-29,1.50E-28
ENSG00000157510,AFAP1L1,-1.698970171,4.37E-53,1.90E-51
ENSG00000144218,AFF3,-2.354387767,6.01E-28,6.97E-27
ENSG00000273540,AGBL1,-2.637582734,5.69E-17,3.09E-16
ENSG00000204305,AGER,-5.049316185,4.83E-79,6.32E-77
ENSG00000135049,AGTPBP1,-1.213447455,4.85E-51,1.92E-49
ENSG00000144891,AGTR1,-1.815511431,1.47E-15,7.26E-15
ENSG00000180772,AGTR2,-3.01098489,7.30E-18,4.25E-17
ENSG00000124942,AHNAK,-1.912971606,1.01E-39,2.27E-38
ENSG00000131016,AKAP12,-1.063227527,7.73E-06,1.62E-05
ENSG00000189292,ALKAL2,-3.013125924,2.12E-43,5.76E-42
ENSG00000166025,AMOTL1,-1.748230027,1.36E-47,4.60E-46
ENSG00000154188,ANGPT1,-2.262916675,1.59E-39,3.53E-38
ENSG00000116194,ANGPTL1,-2.28751961,1.25E-30,1.70E-29
ENSG00000171819,ANGPTL7,-3.485896905,2.29E-30,3.03E-29
ENSG00000148677,ANKRD1,-4.467886298,5.11E-52,2.14E-50
ENSG00000154065,ANKRD29,-2.174033211,8.10E-27,8.73E-26
ENSG00000047617,ANO2,-2.093735352,9.62E-35,1.65E-33
ENSG00000011201,ANOS1,-2.79787404,6.20E-64,4.27E-62
ENSG00000138772,ANXA3,-1.891516813,9.79E-33,1.50E-31
ENSG00000265190,ANXA8,-1.466534042,8.47E-06,1.77E-05
ENSG00000264230,ANXA8L1,-2.470155309,7.77E-15,3.61E-14
ENSG00000138356,AOX1,-1.201312539,3.16E-08,8.44E-08
ENSG00000173627,APOBEC4,-1.877815853,5.36E-08,1.40E-07
ENSG00000240583,AQP1,-1.53785461,3.33E-11,1.16E-10
ENSG00000171885,AQP4,-2.97081026,2.36E-28,2.79E-27
ENSG00000103569,AQP9,-1.580342693,4.03E-17,2.21E-16
ENSG00000137962,ARHGAP29,-1.194107763,6.79E-22,5.33E-21
ENSG00000031081,ARHGAP31,-2.132638109,9.74E-66,7.25E-64
ENSG00000006740,ARHGAP44,-1.655532506,3.92E-29,4.86E-28
ENSG00000047648,ARHGAP6,-2.352437029,5.95E-74,6.39E-72
ENSG00000114790,ARHGEF26,-2.677968069,4.21E-82,6.20E-80
ENSG00000129675,ARHGEF6,-1.425120964,6.68E-37,1.29E-35
ENSG00000137486,ARRB1,-1.365167432,7.17E-34,1.16E-32
ENSG00000111339,ART4,-2.239701831,6.28E-25,5.98E-24
ENSG00000108381,ASPA,-2.614919318,4.68E-50,1.78E-48
ENSG00000127249,ATP13A4,-1.352249983,1.27E-08,3.52E-08
ENSG00000169255,B3GALNT1,-1.272393292,1.65E-18,1.00E-17
ENSG00000114200,BCHE,-2.460413079,2.53E-30,3.34E-29
ENSG00000176697,BDNF,-2.362506048,3.26E-22,2.61E-21
ENSG00000164619,BMPER,-2.189114949,1.80E-19,1.17E-18
ENSG00000204217,BMPR2,-1.339130974,1.48E-59,8.43E-58
ENSG00000165810,BTNL9,-3.435185981,1.89E-60,1.11E-58
ENSG00000179133,C10orf67,-3.788635439,4.60E-46,1.43E-44
ENSG00000227051,C14orf132,-2.64073694,2.63E-69,2.31E-67
ENSG00000163145,C1QTNF7,-2.417626238,6.81E-33,1.05E-31
ENSG00000119280,C1orf198,-1.228371489,1.01E-44,2.94E-43
ENSG00000162598,C1orf87,-2.437699888,6.49E-12,2.41E-11
ENSG00000112936,C7,-1.799612549,2.17E-15,1.05E-14
ENSG00000021852,C8B,-2.672694495,1.02E-14,4.71E-14
ENSG00000104267,CA2,-1.487472194,1.19E-11,4.30E-11
ENSG00000167434,CA4,-4.366989262,9.12E-56,4.50E-54
ENSG00000102547,CAB39L,-1.409409273,7.80E-40,1.76E-38
ENSG00000183346,CABCOCO1,-1.830181045,1.21E-13,5.16E-13
ENSG00000007402,CACNA2D2,-2.364706746,1.48E-21,1.13E-20
ENSG00000064989,CALCRL,-2.741118569,1.35E-92,3.82E-90
ENSG00000204403,CASP12,-2.506738623,4.01E-51,1.60E-49
ENSG00000118729,CASQ2,-2.770073567,1.27E-36,2.42E-35
ENSG00000121691,CAT,-1.912840246,6.82E-78,8.56E-76
ENSG00000105974,CAV1,-3.432542655,3.83E-78,4.88E-76
ENSG00000105971,CAV2,-2.355834332,3.82E-50,1.46E-48
ENSG00000177469,CAVIN1,-2.089666244,2.38E-68,2.03E-66
ENSG00000168497,CAVIN2,-3.317980953,1.76E-87,3.75E-85
ENSG00000100307,CBX7,-1.649529529,8.96E-51,3.52E-49
ENSG00000183287,CCBE1,-2.090474184,7.44E-18,4.33E-17
ENSG00000163492,CCDC141,-2.973756337,5.32E-38,1.08E-36
ENSG00000166510,CCDC68,-1.062836053,3.08E-12,1.17E-11
ENSG00000174059,CD34,-1.683199202,1.86E-48,6.55E-47
ENSG00000135218,CD36,-2.893422204,1.39E-46,4.44E-45
ENSG00000073754,CD5L,-4.069260495,7.19E-56,3.57E-54
ENSG00000125810,CD93,-2.210409055,8.30E-73,8.54E-71
ENSG00000140945,CDH13,-1.830285876,9.28E-27,9.93E-26
ENSG00000071991,CDH19,-2.244434225,6.33E-15,2.96E-14
ENSG00000179776,CDH5,-2.566034524,1.29E-100,5.96E-98
ENSG00000128536,CDHR3,-1.493130995,1.12E-07,2.83E-07
ENSG00000129596,CDO1,-2.702676788,6.46E-52,2.68E-50
ENSG00000198848,CES1,-1.035322762,0.000224292,0.000402052
ENSG00000197748,CFAP43,-1.588699496,1.61E-10,5.32E-10
ENSG00000165410,CFL2,-1.407217158,3.72E-38,7.63E-37
ENSG00000128849,CGNL1,-2.215232774,4.54E-61,2.78E-59
ENSG00000064886,CHI3L2,-1.740265108,1.67E-15,8.19E-15
ENSG00000101938,CHRDL1,-2.309545283,2.64E-26,2.74E-25
ENSG00000154080,CHST9,-1.587199049,2.44E-05,4.88E-05
ENSG00000124237,CIMIP1,-2.278003877,2.02E-09,6.02E-09
ENSG00000066405,CLDN18,-3.539197171,7.00E-23,5.83E-22
ENSG00000176435,CLEC14A,-2.308441977,2.00E-83,3.18E-81
ENSG00000150048,CLEC1A,-2.298183683,1.39E-84,2.42E-82
ENSG00000163815,CLEC3B,-3.795702053,7.41E-83,1.15E-80
ENSG00000112782,CLIC5,-3.643654374,3.15E-67,2.55E-65
ENSG00000134115,CNTN6,-3.453189501,2.34E-37,4.60E-36
ENSG00000154529,CNTNAP3B,-1.61413245,7.23E-12,2.67E-11
ENSG00000172752,COL6A5,-1.565080757,1.30E-13,5.54E-13
ENSG00000206384,COL6A6,-2.80554174,2.58E-38,5.32E-37
ENSG00000184374,COLEC10,-3.11815933,1.54E-61,9.67E-60
ENSG00000163751,CPA3,-1.66637045,1.37E-16,7.23E-16
ENSG00000080618,CPB2,-2.749940167,1.45E-15,7.14E-15
ENSG00000106034,CPED1,-1.967423569,1.96E-38,4.07E-37
ENSG00000150938,CRIM1,-1.351591221,1.18E-31,1.70E-30
ENSG00000095713,CRTAC1,-2.574743253,2.79E-24,2.55E-23
ENSG00000109846,CRYAB,-1.975534246,3.82E-34,6.28E-33
ENSG00000144655,CSRNP1,-2.400339485,1.17E-80,1.65E-78
ENSG00000119326,CTNNAL1,-1.401599288,1.27E-42,3.32E-41
ENSG00000168329,CX3CR1,-1.579066431,1.11E-15,5.54E-15
ENSG00000081041,CXCL2,-2.437292012,7.93E-35,1.37E-33
ENSG00000163464,CXCR1,-2.869415284,2.65E-37,5.20E-36
ENSG00000071967,CYBRD1,-1.765642833,3.76E-34,6.19E-33
ENSG00000142973,CYP4B1,-2.548503417,6.88E-20,4.62E-19
ENSG00000166265,CYYR1,-2.28301195,1.94E-94,5.59E-92
ENSG00000276644,DACH1,-2.445348614,1.56E-39,3.47E-38
ENSG00000035664,DAPK2,-1.935005691,5.73E-42,1.44E-40
ENSG00000187323,DCC,-2.591089336,5.71E-37,1.11E-35
ENSG00000011465,DCN,-1.461694945,2.60E-23,2.24E-22
ENSG00000175984,DENND2C,-1.118244233,1.22E-18,7.48E-18
ENSG00000105339,DENND3,-1.745462532,3.62E-65,2.64E-63
ENSG00000175084,DES,-3.075220432,1.02E-41,2.54E-40
ENSG00000155011,DKK2,-2.328971445,7.70E-50,2.90E-48
ENSG00000187908,DMBT1,-1.034278009,0.001053052,0.001743642
ENSG00000162616,DNAJB4,-1.197305168,6.62E-21,4.80E-20
ENSG00000128512,DOCK4,-1.510267103,9.61E-40,2.16E-38
ENSG00000143196,DPT,-1.477971593,6.87E-16,3.47E-15
ENSG00000092964,DPYSL2,-1.573219243,5.23E-43,1.39E-41
ENSG00000137857,DUOX1,-2.579028305,1.59E-34,2.68E-33
ENSG00000120129,DUSP1,-1.602912785,1.55E-22,1.27E-21
ENSG00000119147,ECRG4,-2.562662778,5.47E-20,3.70E-19
ENSG00000078401,EDN1,-2.043077221,1.19E-33,1.90E-32
ENSG00000136160,EDNRB,-3.50803806,1.48E-102,8.29E-100
ENSG00000115380,EFEMP1,-1.607475871,4.77E-27,5.22E-26
ENSG00000164659,ELAPOR2,-2.070875004,2.07E-47,6.90E-46
ENSG00000164035,EMCN,-2.755331895,7.84E-74,8.38E-72
ENSG00000066629,EML1,-1.699152123,2.01E-40,4.67E-39
ENSG00000134531,EMP1,-1.800949122,3.73E-39,8.09E-38
ENSG00000213853,EMP2,-2.737716574,7.32E-118,1.05E-114
ENSG00000151023,ENKUR,-1.632058046,2.52E-11,8.90E-11
ENSG00000135063,ENTREP1,-2.860778088,3.86E-56,1.93E-54
ENSG00000116016,EPAS1,-2.7326429,6.05E-131,4.14E-127
ENSG00000079819,EPB41L2,-1.411279028,5.85E-36,1.07E-34
ENSG00000178568,ERBB4,-1.699623275,9.56E-12,3.50E-11
ENSG00000157554,ERG,-2.153748995,3.98E-82,5.89E-80
ENSG00000149564,ESAM,-1.962517682,4.90E-46,1.52E-44
ENSG00000158220,ESYT3,-1.076230049,1.88E-09,5.61E-09
ENSG00000112319,EYA4,-1.396757602,8.04E-08,2.06E-07
ENSG00000088926,F11,-2.827821823,2.76E-18,1.66E-17
ENSG00000185010,F8,-1.793684251,1.83E-60,1.08E-58
ENSG00000170323,FABP4,-4.922786663,5.46E-80,7.51E-78
ENSG00000168309,FAM107A,-4.570504133,4.69E-110,4.28E-107
ENSG00000148541,FAM13C,-1.727116528,4.90E-33,7.58E-32
ENSG00000183807,FAM162B,-2.298718063,4.19E-51,1.67E-49
ENSG00000154319,FAM167A,-1.92525083,2.63E-21,1.96E-20
ENSG00000111879,FAM184A,-1.256680848,7.15E-13,2.88E-12
ENSG00000179813,FAM216B,-2.376722066,2.42E-13,1.01E-12
ENSG00000064763,FAR2,-1.201801153,1.03E-15,5.12E-15
ENSG00000165323,FAT3,-1.809857107,5.93E-12,2.21E-11
ENSG00000196159,FAT4,-1.164502457,1.44E-11,5.18E-11
ENSG00000140092,FBLN5,-1.818570824,3.73E-31,5.18E-30
ENSG00000142748,FCN3,-4.551237354,5.16E-92,1.40E-89
ENSG00000073712,FERMT2,-1.41323219,2.95E-51,1.19E-49
ENSG00000149557,FEZ1,-2.154961562,1.53E-73,1.61E-71
ENSG00000154783,FGD5,-2.261310489,1.03E-90,2.63E-88
ENSG00000070193,FGF10,-2.987373016,2.04E-31,2.88E-30
ENSG00000102466,FGF14,-1.221842329,8.30E-11,2.81E-10
ENSG00000137441,FGFBP2,-3.109599041,5.21E-34,8.47E-33
ENSG00000066468,FGFR2,-1.783172694,2.22E-24,2.04E-23
ENSG00000022267,FHL1,-3.431325839,1.20E-85,2.27E-83
ENSG00000112214,FHL5,-2.772220593,3.65E-58,1.94E-56
ENSG00000176971,FIBIN,-2.157440178,1.26E-35,2.28E-34
ENSG00000118407,FILIP1,-1.807549692,2.84E-25,2.76E-24
ENSG00000155749,FLACC1,-1.444357893,6.64E-12,2.46E-11
ENSG00000151702,FLI1,-1.691210903,7.61E-54,3.44E-52
ENSG00000125848,FLRT3,-1.787847756,1.88E-22,1.53E-21
ENSG00000094963,FMO2,-3.274511606,1.84E-84,3.18E-82
ENSG00000007933,FMO3,-1.159451198,1.07E-12,4.23E-12
ENSG00000170345,FOS,-1.705934686,2.49E-21,1.86E-20
ENSG00000125740,FOSB,-3.307379679,1.75E-31,2.49E-30
ENSG00000171049,FPR2,-2.979206207,4.92E-44,1.38E-42
ENSG00000138759,FRAS1,-1.508471025,3.88E-14,1.72E-13
ENSG00000172159,FRMD3,-2.40819869,1.35E-56,6.87E-55
ENSG00000114541,FRMD4B,-1.113457072,1.35E-31,1.93E-30
ENSG00000137726,FXYD6,-1.863408489,3.58E-51,1.43E-49
ENSG00000187889,FYB2,-1.023664998,8.86E-05,0.00016655
ENSG00000174804,FZD4,-1.61986127,2.51E-35,4.45E-34
ENSG00000139112,GABARAPL1,-1.005216823,4.25E-18,2.52E-17
ENSG00000144278,GALNT13,-1.583591786,6.68E-09,1.90E-08
ENSG00000110328,GALNT18,-1.43435589,2.14E-34,3.58E-33
ENSG00000162654,GBP4,-1.339436084,4.00E-18,2.37E-17
ENSG00000137878,GCOM1,-2.573863562,1.97E-48,6.92E-47
ENSG00000112964,GHR,-2.022462249,1.82E-32,2.72E-31
ENSG00000133574,GIMAP4,-1.493372645,3.47E-38,7.12E-37
ENSG00000133561,GIMAP6,-2.104186152,2.85E-68,2.41E-66
ENSG00000179144,GIMAP7,-1.831860383,8.03E-48,2.76E-46
ENSG00000171115,GIMAP8,-2.46943657,1.42E-90,3.57E-88
ENSG00000137960,GIPC2,-1.753345727,6.96E-18,4.06E-17
ENSG00000152661,GJA1,-1.228319295,7.33E-14,3.18E-13
ENSG00000265107,GJA5,-1.707019826,5.90E-36,1.08E-34
ENSG00000183607,GKN2,-1.855259785,2.70E-06,5.94E-06
ENSG00000186417,GLDN,-2.540795825,8.98E-45,2.62E-43
ENSG00000122694,GLIPR2,-2.230437276,5.02E-68,4.20E-66
ENSG00000127920,GNG11,-1.729723138,4.64E-24,4.19E-23
ENSG00000143167,GPA33,-2.716995619,3.56E-22,2.84E-21
ENSG00000147257,GPC3,-2.160726038,5.99E-24,5.37E-23
ENSG00000179399,GPC5,-1.422654554,2.37E-07,5.79E-07
ENSG00000167588,GPD1,-3.960238415,8.99E-70,8.07E-68
ENSG00000150625,GPM6A,-4.446089762,1.04E-63,7.00E-62
ENSG00000046653,GPM6B,-1.958764908,8.94E-39,1.88E-37
ENSG00000164849,GPR146,-2.081688723,2.69E-64,1.88E-62
ENSG00000013588,GPRC5A,-1.338712857,1.40E-17,8.01E-17
ENSG00000211445,GPX3,-2.289637439,7.90E-42,1.98E-40
ENSG00000175318,GRAMD2A,-1.321018634,3.20E-15,1.53E-14
ENSG00000155511,GRIA1,-3.724148363,1.56E-41,3.83E-40
ENSG00000198873,GRK5,-2.511075853,3.47E-87,7.20E-85
ENSG00000134201,GSTM5,-2.457144186,6.27E-60,3.61E-58
ENSG00000152402,GUCY1A2,-1.915398864,4.07E-29,5.04E-28
ENSG00000197465,GYPE,-3.243508883,1.42E-75,1.61E-73
ENSG00000188921,HACD4,-1.437718207,1.98E-37,3.91E-36
ENSG00000188536,HBA2,-4.183789321,9.13E-66,6.81E-64
ENSG00000244734,HBB,-4.265912117,1.06E-64,7.61E-63
ENSG00000113070,HBEGF,-2.591355549,8.37E-64,5.74E-62
ENSG00000138411,HECW2,-1.282085575,1.86E-23,1.62E-22
ENSG00000173706,HEG1,-2.134225214,4.70E-67,3.75E-65
ENSG00000164161,HHIP,-2.890890091,1.09E-22,9.03E-22
ENSG00000131097,HIGD1B,-2.760843809,3.91E-70,3.56E-68
ENSG00000108924,HLF,-1.366310744,9.31E-10,2.87E-09
ENSG00000146151,HMGCLL1,-1.788611282,2.73E-21,2.03E-20
ENSG00000106004,HOXA5,-1.615275765,1.76E-32,2.64E-31
ENSG00000170509,HSD17B13,-1.485448305,4.31E-07,1.02E-06
ENSG00000025423,HSD17B6,-2.255612481,4.20E-23,3.56E-22
ENSG00000152137,HSPB8,-1.990699657,8.38E-41,1.98E-39
ENSG00000108622,ICAM2,-1.422939074,5.80E-38,1.17E-36
ENSG00000172201,ID4,-1.960824133,1.00E-27,1.14E-26
ENSG00000152580,IGSF10,-2.774503584,3.37E-37,6.57E-36
ENSG00000115604,IL18R1,-1.493793509,3.96E-23,3.37E-22
ENSG00000115602,IL1RL1,-2.89929829,2.83E-25,2.76E-24
ENSG00000016402,IL20RA,-1.73730074,2.53E-19,1.63E-18
ENSG00000137033,IL33,-2.084420242,3.03E-28,3.57E-27
ENSG00000185291,IL3RA,-1.736470099,3.47E-64,2.41E-62
ENSG00000091181,IL5RA,-2.10847875,6.40E-19,4.00E-18
ENSG00000136244,IL6,-2.850876087,2.69E-36,5.04E-35
ENSG00000168685,IL7R,-2.032662451,2.63E-36,4.92E-35
ENSG00000241644,INMT,-3.533155918,4.89E-68,4.10E-66
ENSG00000164675,IQUB,-1.021607898,8.34E-07,1.93E-06
ENSG00000077943,ITGA8,-2.098694138,5.40E-40,1.23E-38
ENSG00000123243,ITIH5,-2.098408613,1.13E-27,1.29E-26
ENSG00000179914,ITLN1,-4.814267227,1.41E-51,5.76E-50
ENSG00000158764,ITLN2,-4.660490382,1.17E-36,2.23E-35
ENSG00000078596,ITM2A,-2.05621208,6.06E-51,2.38E-49
ENSG00000154721,JAM2,-2.508155744,2.80E-99,1.13E-96
ENSG00000166086,JAM3,-1.274559637,2.72E-18,1.63E-17
ENSG00000165757,JCAD,-2.098773998,1.23E-60,7.31E-59
ENSG00000157551,KCNJ15,-1.369825452,3.10E-10,9.97E-10
ENSG00000162687,KCNT2,-2.486525275,6.98E-33,1.07E-31
ENSG00000112232,KHDRBS2,-1.717587749,5.63E-12,2.10E-11
ENSG00000133116,KL,-2.329831481,1.02E-28,1.24E-27
ENSG00000136826,KLF4,-2.294112715,9.06E-42,2.26E-40
ENSG00000067082,KLF6,-1.798273838,2.78E-62,1.80E-60
ENSG00000134539,KLRD1,-1.035998463,9.06E-09,2.54E-08
ENSG00000150045,KLRF1,-1.575167871,8.15E-17,4.38E-16
ENSG00000170477,KRT4,-2.083988061,1.28E-09,3.90E-09
ENSG00000078081,LAMP3,-2.765798559,7.91E-50,2.97E-48
ENSG00000169744,LDB2,-2.601772483,2.06E-107,1.61E-104
ENSG00000130164,LDLR,-2.10758676,1.58E-58,8.57E-57
ENSG00000116678,LEPR,-1.846788291,3.06E-26,3.17E-25
ENSG00000119862,LGALSL,-1.824555078,3.78E-47,1.24E-45
ENSG00000168481,LGI3,-4.274633191,1.15E-37,2.29E-36
ENSG00000183722,LHFPL6,-1.721660588,1.68E-63,1.13E-61
ENSG00000113594,LIFR,-1.605425205,1.55E-26,1.64E-25
ENSG00000064042,LIMCH1,-1.609191671,1.12E-35,2.03E-34
ENSG00000111052,LIN7A,-2.520189634,5.24E-42,1.32E-40
ENSG00000233237,LINC00472,-1.500506908,2.21E-10,7.19E-10
ENSG00000175967,LINC02880,-2.291933753,7.24E-16,3.65E-15
ENSG00000071282,LMCD1,-1.764235084,1.84E-66,1.41E-64
ENSG00000136153,LMO7,-1.400257349,4.03E-33,6.28E-32
ENSG00000233251,LOC100129434,-1.848957823,1.01E-23,8.97E-23
ENSG00000175445,LPL,-2.085564419,3.14E-20,2.16E-19
ENSG00000130224,LRCH2,-1.241487304,3.47E-12,1.32E-11
ENSG00000137507,LRRC32,-2.38376977,7.07E-85,1.26E-82
ENSG00000159708,LRRC36,-2.918041364,1.61E-34,2.72E-33
ENSG00000137821,LRRC49,-1.02899945,1.23E-14,5.63E-14
ENSG00000188906,LRRK2,-1.985181666,2.01E-17,1.14E-16
ENSG00000173114,LRRN3,-2.715200717,1.24E-38,2.58E-37
ENSG00000133800,LYVE1,-3.206294857,1.97E-76,2.36E-74
ENSG00000165072,MAMDC2,-2.68963224,3.40E-40,7.81E-39
ENSG00000069535,MAOB,-1.542440029,4.53E-20,3.08E-19
ENSG00000019169,MARCO,-3.034285181,1.34E-40,3.15E-39
ENSG00000132031,MATN3,-1.512287424,8.56E-16,4.29E-15
ENSG00000183019,MCEMP1,-4.053418693,1.33E-62,8.76E-61
ENSG00000143995,MEIS1,-1.077103714,9.96E-19,6.15E-18
ENSG00000166482,MFAP4,-2.662913824,6.72E-49,2.42E-47
ENSG00000168389,MFSD2A,-1.610716513,5.16E-22,4.08E-21
ENSG00000257335,MGAM,-1.177678414,1.52E-07,3.78E-07
ENSG00000196549,MME,-2.436367331,1.11E-27,1.26E-26
ENSG00000138722,MMRN1,-2.361460952,1.08E-38,2.27E-37
ENSG00000173269,MMRN2,-2.152281152,3.40E-81,4.80E-79
ENSG00000260314,MRC1,-2.310300575,1.15E-33,1.84E-32
ENSG00000117501,MROH9,-2.284063171,8.60E-13,3.44E-12
ENSG00000166961,MS4A15,-1.939961316,3.43E-08,9.13E-08
ENSG00000149534,MS4A2,-1.853404087,5.52E-20,3.74E-19
ENSG00000166959,MS4A8,-1.755038151,5.10E-07,1.21E-06
ENSG00000038945,MSR1,-2.309456459,7.50E-45,2.19E-43
ENSG00000174099,MSRB3,-1.858772216,5.80E-45,1.70E-43
ENSG00000205364,MT1M,-2.81762953,1.79E-32,2.68E-31
ENSG00000117791,MTARC2,-1.478981714,3.44E-33,5.40E-32
ENSG00000179820,MYADM,-1.989946722,2.03E-60,1.19E-58
ENSG00000120279,MYCT1,-2.263919839,8.58E-85,1.52E-82
ENSG00000133026,MYH10,-1.522595972,9.63E-38,1.93E-36
ENSG00000133392,MYH11,-1.844192747,2.89E-23,2.48E-22
ENSG00000101335,MYL9,-1.733269181,1.72E-43,4.69E-42
ENSG00000176771,NCKAP5,-3.533883882,3.06E-58,1.63E-56
ENSG00000173376,NDNF,-1.802590321,3.52E-19,2.24E-18
ENSG00000165795,NDRG2,-1.508614319,1.72E-26,1.81E-25
ENSG00000103034,NDRG4,-2.059232651,8.26E-33,1.27E-31
ENSG00000070614,NDST1,-1.609047181,1.60E-76,1.92E-74
ENSG00000123119,NECAB1,-3.184657199,1.65E-65,1.22E-63
ENSG00000111859,NEDD9,-1.584346736,2.20E-26,2.30E-25
ENSG00000162614,NEXN,-1.556233384,9.37E-35,1.60E-33
ENSG00000135540,NHSL1,-1.737943228,1.58E-40,3.69E-39
ENSG00000091106,NLRC4,-2.07758304,9.99E-64,6.78E-62
ENSG00000163072,NOSTRIN,-1.522574047,1.82E-23,1.59E-22
ENSG00000168743,NPNT,-1.808100041,1.45E-23,1.27E-22
ENSG00000169418,NPR1,-2.635778655,4.87E-56,2.43E-54
ENSG00000113389,NPR3,-1.782309595,6.47E-27,7.02E-26
ENSG00000157168,NRG1,-1.769367695,1.30E-17,7.42E-17
ENSG00000124785,NRN1,-1.675926915,4.32E-20,2.94E-19
ENSG00000074527,NTN4,-1.645980072,1.54E-34,2.60E-33
ENSG00000162631,NTNG1,-1.887117554,1.72E-11,6.15E-11
ENSG00000147206,NXF3,-1.94998086,6.09E-12,2.27E-11
ENSG00000106809,OGN,-2.171038339,2.81E-17,1.57E-16
ENSG00000183801,OLFML1,-1.636462528,1.21E-38,2.53E-37
ENSG00000173391,OLR1,-2.556845976,5.56E-47,1.81E-45
ENSG00000165312,OTUD1,-2.122891646,3.35E-148,3.05E-144
ENSG00000145569,OTULINL,-1.204848391,2.61E-11,9.21E-11
ENSG00000187950,OVCH1,-3.865979178,2.34E-53,1.04E-51
ENSG00000183378,OVCH2,-2.984760588,1.30E-26,1.38E-25
ENSG00000174944,P2RY14,-1.460940479,3.50E-26,3.61E-25
ENSG00000090530,P3H2,-1.927789421,3.37E-19,2.15E-18
ENSG00000099260,PALMD,-2.056257036,1.18E-50,4.64E-49
ENSG00000198682,PAPSS2,-1.481543214,4.28E-30,5.61E-29
ENSG00000113555,PCDH12,-1.719585911,1.11E-52,4.77E-51
ENSG00000150275,PCDH15,-2.993951169,1.12E-23,9.88E-23
ENSG00000118946,PCDH17,-1.689813348,4.63E-40,1.06E-38
ENSG00000163710,PCOLCE2,-2.346413026,1.93E-25,1.89E-24
ENSG00000116005,PCYOX1,-1.133503764,2.91E-40,6.72E-39
ENSG00000154678,PDE1C,-1.364565265,7.90E-10,2.45E-09
ENSG00000138735,PDE5A,-1.58530166,2.67E-33,4.20E-32
ENSG00000113231,PDE8B,-1.376455726,7.93E-28,9.12E-27
ENSG00000004799,PDK4,-2.419522324,1.88E-36,3.55E-35
ENSG00000133401,PDZD2,-2.23689684,5.43E-38,1.10E-36
ENSG00000173517,PEAK1,-1.629945888,1.18E-59,6.72E-58
ENSG00000134020,PEBP4,-2.592354541,3.75E-18,2.23E-17
ENSG00000261371,PECAM1,-2.331333815,2.35E-129,8.05E-126
ENSG00000154330,PGM5,-1.875591357,1.75E-26,1.84E-25
ENSG00000112137,PHACTR1,-2.186675566,1.62E-48,5.73E-47
ENSG00000112419,PHACTR2,-1.457906175,4.00E-36,7.41E-35
ENSG00000153823,PID1,-1.934092728,7.41E-34,1.20E-32
ENSG00000107242,PIP5K1B,-2.244806324,1.67E-35,3.00E-34
ENSG00000205038,PKHD1L1,-2.573260856,5.25E-41,1.26E-39
ENSG00000170890,PLA2G1B,-2.217033507,1.58E-13,6.67E-13
ENSG00000168907,PLA2G4F,-2.687912926,9.83E-37,1.88E-35
ENSG00000138193,PLCE1,-1.389482466,1.23E-27,1.39E-26
ENSG00000115896,PLCL1,-1.757643185,2.81E-49,1.03E-47
ENSG00000182836,PLCXD3,-1.058843533,4.07E-05,7.95E-05
ENSG00000152527,PLEKHH2,-1.29040263,2.78E-16,1.44E-15
ENSG00000102934,PLLP,-1.527451549,4.01E-21,2.95E-20
ENSG00000114698,PLSCR4,-1.433982419,9.91E-39,2.08E-37
ENSG00000132170,PPARG,-1.595798759,1.17E-19,7.71E-19
ENSG00000163736,PPBP,-2.076091173,1.71E-10,5.61E-10
ENSG00000110841,PPFIBP1,-1.121584934,2.20E-25,2.15E-24
ENSG00000185250,PPIL6,-1.344501054,3.69E-14,1.64E-13
ENSG00000087074,PPP1R15A,-1.88251081,2.12E-67,1.73E-65
ENSG00000119698,PPP4R4,-1.71250533,3.22E-14,1.43E-13
ENSG00000046889,PREX2,-1.809248075,6.41E-26,6.48E-25
ENSG00000116690,PRG4,-3.116032892,3.63E-31,5.04E-30
ENSG00000163637,PRICKLE2,-1.380689732,1.53E-32,2.30E-31
ENSG00000185532,PRKG1,-1.37284245,4.93E-22,3.90E-21
ENSG00000138669,PRKG2,-2.627091668,8.07E-48,2.77E-46
ENSG00000184500,PROS1,-1.51441623,3.65E-32,5.38E-31
ENSG00000124212,PTGIS,-1.266596185,3.70E-12,1.40E-11
ENSG00000070778,PTPN21,-2.448796557,4.83E-114,5.29E-111
ENSG00000127329,PTPRB,-2.566368658,9.83E-71,9.18E-69
ENSG00000173482,PTPRM,-1.402381542,1.08E-29,1.38E-28
ENSG00000168994,PXDC1,-1.083075461,2.76E-22,2.22E-21
ENSG00000156675,RAB11FIP1,-1.455601267,1.05E-29,1.35E-28
ENSG00000131477,RAMP2,-2.882150094,4.67E-107,3.36E-104
ENSG00000122679,RAMP3,-3.251581153,2.16E-114,2.46E-111
ENSG00000164188,RANBP3L,-1.862562071,3.09E-23,2.64E-22
ENSG00000091428,RAPGEF4,-1.804641806,9.70E-43,2.55E-41
ENSG00000144642,RBMS3,-1.518348096,8.17E-24,7.26E-23
ENSG00000138207,RBP4,-2.011951506,1.74E-14,7.89E-14
ENSG00000122707,RECK,-1.56559859,2.39E-48,8.36E-47
ENSG00000134533,RERG,-1.099656836,1.30E-12,5.11E-12
ENSG00000087903,RFX2,-1.666113116,2.56E-37,5.03E-36
ENSG00000102760,RGCC,-2.895689776,1.59E-121,2.67E-118
ENSG00000132554,RGS22,-1.937940124,3.18E-16,1.64E-15
ENSG00000108370,RGS9,-1.098241219,2.37E-16,1.24E-15
ENSG00000126785,RHOJ,-1.882896321,6.24E-70,5.62E-68
ENSG00000137393,RNF144B,-1.697576084,1.57E-48,5.56E-47
ENSG00000180537,RNF182,-2.043197202,2.73E-18,1.64E-17
ENSG00000185008,ROBO2,-1.577570262,6.82E-13,2.75E-12
ENSG00000154133,ROBO4,-2.869976561,1.57E-102,8.60E-100
ENSG00000145491,ROPN1L,-1.859031524,2.91E-12,1.11E-11
ENSG00000104237,RP1,-1.397284331,1.29E-07,3.24E-07
ENSG00000126458,RRAS,-1.368463303,4.87E-31,6.72E-30
ENSG00000111834,RSPH4A,-1.799837207,3.85E-12,1.45E-11
ENSG00000182010,RTKN2,-4.061070725,4.97E-116,6.80E-113
ENSG00000079102,RUNX1T1,-1.245396167,1.25E-15,6.18E-15
ENSG00000171509,RXFP1,-3.090179641,4.51E-70,4.07E-68
ENSG00000163221,S100A12,-1.996991567,3.69E-14,1.63E-13
ENSG00000188015,S100A3,-2.378287853,3.26E-42,8.34E-41
ENSG00000170989,S1PR1,-2.864266153,4.88E-123,9.54E-120
ENSG00000111961,SASH1,-1.8550978,1.00E-74,1.11E-72
ENSG00000188659,SAXO2,-1.73838427,1.02E-12,4.05E-12
ENSG00000164764,SBSPON,-2.29334525,2.13E-29,2.68E-28
ENSG00000173611,SCAI,-1.110950835,2.22E-27,2.48E-26
ENSG00000136155,SCEL,-1.390746805,7.85E-12,2.89E-11
ENSG00000149021,SCGB1A1,-3.254513574,7.11E-16,3.59E-15
ENSG00000144285,SCN1A,-1.835209196,1.74E-12,6.77E-12
ENSG00000136546,SCN7A,-2.356517221,5.62E-32,8.22E-31
ENSG00000007908,SELE,-2.944306413,4.47E-39,9.63E-38
ENSG00000143416,SELENBP1,-1.251535737,1.78E-12,6.92E-12
ENSG00000250722,SELENOP,-1.54722334,1.14E-24,1.07E-23
ENSG00000174175,SELP,-2.341178013,7.34E-52,3.03E-50
ENSG00000012171,SEMA3B,-1.556161008,1.00E-14,4.61E-14
ENSG00000153993,SEMA3D,-1.193062165,2.77E-09,8.16E-09
ENSG00000112902,SEMA5A,-2.508039379,3.15E-49,1.15E-47
ENSG00000092421,SEMA6A,-2.547024942,1.58E-59,8.96E-58
ENSG00000137872,SEMA6D,-2.055382248,1.17E-25,1.17E-24
ENSG00000180440,SERTM1,-4.811047486,3.76E-34,6.19E-33
ENSG00000080546,SESN1,-1.627133968,1.55E-59,8.76E-58
ENSG00000122852,SFTPA1,-2.811233211,1.92E-20,1.34E-19
ENSG00000168484,SFTPC,-4.742723028,1.72E-36,3.24E-35
ENSG00000133661,SFTPD,-2.244897269,8.62E-18,5.00E-17
ENSG00000198574,SH2D1B,-1.816953538,3.60E-22,2.88E-21
ENSG00000131370,SH3BP5,-1.409112474,2.56E-31,3.60E-30
ENSG00000158352,SHROOM4,-1.741176192,1.11E-32,1.68E-31
ENSG00000163406,SLC15A2,-1.613280788,9.49E-23,7.85E-22
ENSG00000135917,SLC19A3,-2.917270369,1.62E-47,5.45E-46
ENSG00000106688,SLC1A1,-2.214391411,1.86E-35,3.32E-34
ENSG00000138821,SLC39A8,-2.498335923,5.12E-74,5.51E-72
ENSG00000100191,SLC5A4,-1.805908094,1.42E-22,1.16E-21
ENSG00000117834,SLC5A9,-2.500414074,1.74E-28,2.08E-27
ENSG00000108576,SLC6A4,-6.186878259,2.90E-87,6.12E-85
ENSG00000084453,SLCO1A2,-2.690616405,9.93E-13,3.94E-12
ENSG00000174640,SLCO2A1,-1.81991222,5.93E-29,7.28E-28
ENSG00000173930,SLCO4C1,-1.210954664,2.60E-08,6.99E-08
ENSG00000145147,SLIT2,-2.471124347,4.93E-65,3.58E-63
ENSG00000184347,SLIT3,-2.473413099,4.35E-43,1.16E-41
ENSG00000124107,SLPI,-1.296506998,8.58E-08,2.20E-07
ENSG00000137834,SMAD6,-2.582534124,6.70E-90,1.58E-87
ENSG00000120693,SMAD9,-1.428755522,1.15E-15,5.73E-15
ENSG00000188817,SNTN,-2.248604414,4.04E-14,1.79E-13
ENSG00000109762,SNX25,-1.207062027,7.19E-22,5.63E-21
ENSG00000120833,SOCS2,-1.965835985,2.17E-29,2.73E-28
ENSG00000095637,SORBS1,-1.579679479,1.62E-35,2.91E-34
ENSG00000171243,SOSTDC1,-3.753557831,7.99E-33,1.22E-31
ENSG00000077327,SPAG6,-1.626808688,1.34E-07,3.36E-07
ENSG00000152583,SPARCL1,-1.968782947,1.54E-53,6.87E-52
ENSG00000107742,SPOCK2,-3.217319709,2.57E-92,7.10E-90
ENSG00000123178,SPRYD7,-1.283774883,5.73E-61,3.48E-59
ENSG00000115306,SPTBN1,-1.744721028,1.75E-72,1.77E-70
ENSG00000101955,SRPX,-1.799348579,1.81E-25,1.78E-24
ENSG00000070731,ST6GALNAC2,-1.67370652,3.11E-21,2.31E-20
ENSG00000184005,ST6GALNAC3,-1.97029627,1.81E-39,3.98E-38
ENSG00000117069,ST6GALNAC5,-2.172823727,8.10E-39,1.72E-37
ENSG00000148488,ST8SIA6,-3.541744274,2.98E-71,2.87E-69
ENSG00000144681,STAC,-2.095580708,2.37E-26,2.47E-25
ENSG00000133121,STARD13,-2.009836631,2.33E-84,3.93E-82
ENSG00000130052,STARD8,-2.225163773,5.48E-87,1.11E-84
ENSG00000159433,STARD9,-1.720180394,8.58E-33,1.31E-31
ENSG00000135604,STX11,-3.072198189,1.13E-129,4.42E-126
ENSG00000168952,STXBP6,-3.512270173,3.23E-66,2.47E-64
ENSG00000198075,SULT1C4,-2.27048108,8.78E-46,2.69E-44
ENSG00000099994,SUSD2,-2.06247724,5.94E-16,3.01E-15
ENSG00000165124,SVEP1,-2.06773727,2.91E-32,4.31E-31
ENSG00000131018,SYNE1,-1.121678203,3.55E-14,1.58E-13
ENSG00000172403,SYNPO2,-1.802624076,2.19E-31,3.09E-30
ENSG00000147526,TACC1,-1.829382332,1.21E-57,6.32E-56
ENSG00000135111,TBX3,-2.111261442,2.09E-49,7.73E-48
ENSG00000121075,TBX4,-2.190168764,1.85E-39,4.07E-38
ENSG00000089225,TBX5,-1.502232049,6.30E-29,7.71E-28
ENSG00000118526,TCF21,-3.100424561,2.37E-53,1.05E-51
ENSG00000120156,TEK,-3.262593075,5.53E-116,7.21E-113
ENSG00000092969,TGFB2,-1.07014349,1.12E-08,3.12E-08
ENSG00000163513,TGFBR2,-1.665085174,1.72E-55,8.42E-54
ENSG00000069702,TGFBR3,-2.561524697,3.78E-56,1.90E-54
ENSG00000178726,THBD,-2.449733296,1.48E-62,9.72E-61
ENSG00000066056,TIE1,-1.985635979,2.77E-60,1.61E-58
ENSG00000100234,TIMP3,-1.980388367,2.52E-41,6.14E-40
ENSG00000038295,TLL1,-1.57197108,4.56E-22,3.62E-21
ENSG00000136869,TLR4,-1.593428543,3.73E-31,5.18E-30
ENSG00000166292,TMEM100,-4.381004962,4.36E-76,5.09E-74
ENSG00000131634,TMEM204,-1.932988362,4.30E-70,3.89E-68
ENSG00000186329,TMEM212,-2.211605584,2.28E-09,6.77E-09
ENSG00000186952,TMEM232,-1.793163448,8.24E-14,3.56E-13
ENSG00000147027,TMEM47,-1.740199728,1.12E-40,2.63E-39
ENSG00000136842,TMOD1,-1.770979033,9.81E-30,1.26E-28
ENSG00000185432,TMT1A,-1.894079827,2.06E-48,7.22E-47
ENSG00000133687,TMTC1,-1.069699761,1.10E-07,2.79E-07
ENSG00000114854,TNNC1,-3.588376994,5.60E-68,4.68E-66
ENSG00000116147,TNR,-3.856005393,3.13E-51,1.25E-49
ENSG00000079308,TNS1,-2.180813643,2.35E-72,2.35E-70
ENSG00000168477,TNXB,-2.722296266,1.32E-39,2.93E-38
ENSG00000159713,TPPP3,-2.22564576,6.40E-24,5.72E-23
ENSG00000072657,TRHDE,-2.649945822,2.85E-18,1.71E-17
ENSG00000106025,TSPAN12,-1.303666369,1.22E-25,1.21E-24
ENSG00000157570,TSPAN18,-2.033384637,4.96E-52,2.08E-50
ENSG00000156298,TSPAN7,-1.721432462,9.07E-15,4.19E-14
ENSG00000137941,TTLL7,-1.517888463,1.36E-15,6.72E-15
ENSG00000137831,UACA,-1.018900205,3.36E-21,2.49E-20
ENSG00000243566,UPK3B,-4.180982068,2.02E-49,7.47E-48
ENSG00000165197,VEGFD,-3.589105589,3.50E-44,9.88E-43
ENSG00000197415,VEPH1,-2.593331775,9.96E-35,1.70E-33
ENSG00000206538,VGLL3,-1.219126413,1.90E-11,6.80E-11
ENSG00000114812,VIPR1,-3.238860853,5.55E-75,6.20E-73
ENSG00000155659,VSIG4,-2.399171311,3.76E-42,9.59E-41
ENSG00000110799,VWF,-2.328280205,3.31E-56,1.66E-54
ENSG00000132970,WASF3,-1.883993317,1.26E-38,2.63E-37
ENSG00000109501,WFS1,-1.762843539,2.29E-59,1.29E-57
ENSG00000156076,WIF1,-2.316818986,7.48E-11,2.54E-10
ENSG00000151718,WWC2,-2.356850787,8.47E-105,5.15E-102
ENSG00000169064,ZBBX,-1.657593818,3.66E-07,8.78E-07
ENSG00000109906,ZBTB16,-2.39246401,1.70E-20,1.20E-19
ENSG00000148516,ZEB1,-1.337121259,1.67E-30,2.24E-29
ENSG00000128016,ZFP36,-1.843667802,1.40E-29,1.79E-28
ENSG00000157077,ZFYVE9,-1.285710842,3.30E-40,7.61E-39
ENSG00000103994,ZNF106,-1.277352313,1.69E-41,4.13E-40
ENSG00000144331,ZNF385B,-1.701966061,1.78E-10,5.85E-10
ENSG00000144452,ABCA12,5.391629411,3.69E-106,2.46E-103
ENSG00000108846,ABCC3,2.520594958,6.28E-58,3.33E-56
ENSG00000148848,ADAM12,3.108437095,5.41E-55,2.59E-53
ENSG00000042980,ADAM28,2.290849354,1.34E-41,3.29E-40
ENSG00000134028,ADAMDEC1,2.242249211,3.38E-21,2.50E-20
ENSG00000153292,ADGRF1,2.44143365,7.56E-19,4.70E-18
ENSG00000272620,AFAP1-AS1,6.291729916,2.48E-130,1.13E-126
ENSG00000106541,AGR2,2.486565069,1.04E-32,1.59E-31
ENSG00000163568,AIM2,2.832017329,6.31E-33,9.71E-32
ENSG00000198074,AKR1B10,7.427131318,7.79E-62,4.98E-60
ENSG00000152766,ANKRD22,2.775355668,1.74E-50,6.76E-49
ENSG00000011426,ANLN,3.803223158,1.64E-103,9.76E-101
ENSG00000066279,ASPM,3.76453557,2.49E-105,1.55E-102
ENSG00000118322,ATP10B,5.482586595,1.09E-89,2.53E-87
ENSG00000179913,B3GNT3,4.371802658,3.54E-123,7.46E-120
ENSG00000188761,BCL2L15,3.465968643,5.98E-66,4.52E-64
ENSG00000136492,BRIP1,2.716251701,2.81E-78,3.59E-76
ENSG00000169679,BUB1,2.666390697,1.03E-66,8.09E-65
ENSG00000154040,CABYR,4.591447021,2.66E-70,2.45E-68
ENSG00000172724,CCL19,1.066715524,3.19E-06,6.98E-06
ENSG00000145386,CCNA2,2.949683344,9.14E-74,9.74E-72
ENSG00000134057,CCNB1,2.977088375,1.76E-86,3.50E-84
ENSG00000157456,CCNB2,3.045867565,1.14E-84,1.99E-82
ENSG00000158477,CD1A,1.50941428,1.27E-07,3.20E-07
ENSG00000272398,CD24,1.409719772,5.99E-17,3.25E-16
ENSG00000105369,CD79A,2.03227896,1.56E-21,1.19E-20
ENSG00000117399,CDC20,3.768694043,7.52E-102,3.67E-99
ENSG00000093009,CDC45,3.194705927,2.86E-82,4.28E-80
ENSG00000094804,CDC6,3.421958664,1.62E-99,6.63E-97
ENSG00000144354,CDCA7,2.89215232,2.45E-60,1.43E-58
ENSG00000062038,CDH3,2.782232578,7.50E-41,1.78E-39
ENSG00000170312,CDK1,2.457893414,4.08E-57,2.11E-55
ENSG00000100526,CDKN3,2.878525792,6.28E-61,3.80E-59
ENSG00000105388,CEACAM5,4.749350827,2.82E-52,1.19E-50
ENSG00000103888,CEMIP,2.128772318,2.11E-22,1.71E-21
ENSG00000138778,CENPE,2.663371386,6.73E-64,4.63E-62
ENSG00000117724,CENPF,3.505139666,1.87E-102,1.00E-99
ENSG00000102384,CENPI,2.749736523,2.93E-70,2.69E-68
ENSG00000138180,CEP55,3.25264315,7.19E-91,1.87E-88
ENSG00000243649,CFB,1.598312522,2.98E-20,2.05E-19
ENSG00000149554,CHEK1,2.606159238,8.05E-72,7.87E-70
ENSG00000133048,CHI3L1,1.312486995,2.70E-08,7.27E-08
ENSG00000169684,CHRNA5,3.634363281,6.09E-55,2.90E-53
ENSG00000169607,CKAP2L,3.170265438,2.86E-85,5.21E-83
ENSG00000223572,CKMT1B,2.868479432,9.71E-30,1.25E-28
ENSG00000134873,CLDN10,4.081317213,5.85E-40,1.33E-38
ENSG00000123500,COL10A1,4.614396911,8.61E-103,5.02E-100
ENSG00000060718,COL11A1,6.258315014,8.95E-97,2.99E-94
ENSG00000108821,COL1A1,2.88203755,3.09E-49,1.13E-47
ENSG00000168542,COL3A1,2.529526565,1.59E-44,4.56E-43
ENSG00000105664,COMP,2.857667899,9.69E-30,1.25E-28
ENSG00000166920,COXFA4L3,2.998138865,2.94E-41,7.14E-40
ENSG00000047457,CP,3.489449204,4.13E-55,1.99E-53
ENSG00000117322,CR2,1.703889608,8.06E-11,2.73E-10
ENSG00000143320,CRABP2,5.551424655,1.17E-107,9.71E-105
ENSG00000170373,CST1,6.805892194,1.76E-86,3.50E-84
ENSG00000170369,CST2,2.20939504,4.39E-16,2.25E-15
ENSG00000164932,CTHRC1,3.777749996,1.79E-100,8.05E-98
ENSG00000156234,CXCL13,2.656064464,2.22E-26,2.31E-25
ENSG00000019186,CYP24A1,6.69085111,1.95E-97,6.74E-95
ENSG00000024526,DEPDC1,3.798390625,2.02E-96,6.51E-94
ENSG00000126787,DLGAP5,3.688524347,9.45E-103,5.39E-100
ENSG00000096696,DSP,2.192927384,1.18E-34,2.00E-33
ENSG00000114346,ECT2,2.169009048,8.86E-61,5.31E-59
ENSG00000138798,EGF,2.226475922,2.21E-26,2.31E-25
ENSG00000129521,EGLN3,3.051190558,2.43E-45,7.24E-44
ENSG00000175832,ETV4,3.837680817,3.52E-126,9.64E-123
ENSG00000174371,EXO1,3.597369982,6.42E-98,2.31E-95
ENSG00000106462,EZH2,2.545561129,3.50E-90,8.56E-88
ENSG00000189057,FAM111B,2.745272819,2.03E-71,1.95E-69
ENSG00000147689,FAM83A,6.818642963,7.39E-180,2.02E-175
ENSG00000078098,FAP,2.342919835,1.04E-41,2.59E-40
ENSG00000156804,FBXO32,2.105144923,1.70E-43,4.61E-42
ENSG00000143297,FCRL5,2.595263548,8.22E-34,1.33E-32
ENSG00000181617,FDCSP,1.653793622,6.72E-08,1.74E-07
ENSG00000101311,FERMT1,3.231166019,2.61E-84,4.38E-82
ENSG00000111206,FOXM1,3.355480039,1.70E-82,2.59E-80
ENSG00000176920,FUT2,3.163211597,3.99E-86,7.63E-84
ENSG00000171124,FUT3,2.314539144,8.61E-44,2.38E-42
ENSG00000109586,GALNT7,1.744579743,1.41E-53,6.33E-52
ENSG00000140297,GCNT3,5.15347844,1.46E-83,2.38E-81
ENSG00000130513,GDF15,1.435199116,8.49E-12,3.12E-11
ENSG00000101003,GINS1,3.03429161,2.15E-90,5.35E-88
ENSG00000165474,GJB2,4.542781114,1.08E-85,2.05E-83
ENSG00000149328,GLB1L2,1.455864834,3.69E-20,2.53E-19
ENSG00000166105,GLB1L3,5.178840017,4.63E-48,1.60E-46
ENSG00000135052,GOLM1,2.631176104,7.16E-102,3.56E-99
ENSG00000138271,GPR87,3.911106746,2.78E-20,1.92E-19
ENSG00000176153,GPX2,5.936930414,9.28E-59,5.06E-57
ENSG00000166923,GREM1,5.030832567,1.82E-98,6.92E-96
ENSG00000147697,GSDMC,2.520906368,1.33E-28,1.60E-27
ENSG00000277224,H2BC7,4.696013009,2.37E-39,5.18E-38
ENSG00000273802,H2BC8,3.76303192,3.98E-41,9.58E-40
ENSG00000275713,H2BC9,4.632041128,1.33E-48,4.74E-47
ENSG00000286522,H3C2,5.993673584,3.27E-34,5.40E-33
ENSG00000273542,H4C12,2.545181339,8.78E-26,8.80E-25
ENSG00000270882,H4C14,2.281676388,1.66E-27,1.87E-26
ENSG00000148702,HABP2,2.209170029,1.73E-14,7.84E-14
ENSG00000119969,HELLS,2.401488995,3.85E-69,3.36E-67
ENSG00000113924,HGD,3.813890585,3.80E-39,8.23E-38
ENSG00000029993,HMGB3,3.483369793,7.78E-85,1.38E-82
ENSG00000072571,HMMR,3.028537337,1.18E-79,1.58E-77
ENSG00000164749,HNF4G,3.498434687,1.73E-64,1.22E-62
ENSG00000143452,HORMAD1,4.407440456,1.06E-38,2.21E-37
ENSG00000171004,HS6ST2,3.670611155,1.60E-78,2.08E-76
ENSG00000136231,IGF2BP3,4.011162874,9.66E-48,3.30E-46
ENSG00000211895,IGHA1,1.845386734,5.99E-16,3.03E-15
ENSG00000211896,IGHG1,3.142153012,3.25E-39,7.09E-38
ENSG00000211892,IGHG4,4.12572436,7.89E-56,3.91E-54
ENSG00000211592,IGKC,2.649836812,1.00E-32,1.53E-31
ENSG00000243466,IGKV1-5,2.697002958,2.59E-30,3.42E-29
ENSG00000276566,IGKV1D-13,2.054892575,2.40E-10,7.81E-10
ENSG00000241294,IGKV2-24,1.585766753,1.04E-10,3.48E-10
ENSG00000224041,IGKV3D-15,3.036011538,2.03E-30,2.71E-29
ENSG00000211640,IGLV6-57,2.711691422,4.95E-26,5.06E-25
ENSG00000134460,IL2RA,1.367340559,1.81E-15,8.85E-15
ENSG00000125571,IL37,6.214956471,2.49E-54,1.16E-52
ENSG00000183856,IQGAP3,3.632378866,3.29E-126,9.64E-123
ENSG00000137809,ITGA11,2.850315686,2.57E-46,8.10E-45
ENSG00000104783,KCNN4,3.212113546,6.40E-61,3.87E-59
ENSG00000100196,KDELR3,2.218026343,7.61E-67,6.02E-65
ENSG00000138160,KIF11,2.699129816,1.92E-82,2.91E-80
ENSG00000118193,KIF14,3.787188849,1.88E-108,1.61E-105
ENSG00000112984,KIF20A,3.177148714,5.50E-100,2.28E-97
ENSG00000162849,KIF26B,3.142975009,1.23E-96,3.99E-94
ENSG00000090889,KIF4A,3.826456529,3.65E-113,3.84E-110
ENSG00000182481,KPNA2,1.940177947,1.26E-51,5.18E-50
ENSG00000159166,LAD1,1.956087482,7.54E-44,2.09E-42
ENSG00000286042,LCAL1,7.812573029,3.53E-115,4.21E-112
ENSG00000148346,LCN2,2.655964456,3.65E-24,3.31E-23
ENSG00000205213,LGR4,2.714813669,1.58E-88,3.57E-86
ENSG00000146166,LGSN,4.563535945,2.43E-56,1.23E-54
ENSG00000204588,LINC01123,1.203337714,2.32E-13,9.70E-13
ENSG00000165304,MELK,3.618014403,2.89E-98,1.07E-95
ENSG00000148773,MKI67,3.11258622,6.28E-82,9.14E-80
ENSG00000196611,MMP1,4.932469211,1.34E-64,9.54E-63
ENSG00000099953,MMP11,5.512552888,1.77E-101,8.48E-99
ENSG00000262406,MMP12,3.961428419,4.75E-50,1.80E-48
ENSG00000137745,MMP13,6.108385781,3.07E-73,3.21E-71
ENSG00000137673,MMP7,2.004867343,4.28E-15,2.03E-14
ENSG00000100985,MMP9,1.971117992,3.94E-21,2.91E-20
ENSG00000156738,MS4A1,1.687228498,8.32E-11,2.81E-10
ENSG00000173702,MUC13,5.917720552,7.73E-53,3.34E-51
ENSG00000181143,MUC16,2.90092306,2.25E-20,1.57E-19
ENSG00000204544,MUC21,3.748909604,4.51E-33,7.01E-32
ENSG00000117983,MUC5B,3.917117844,4.73E-28,5.52E-27
ENSG00000101825,MXRA5,1.691550911,6.40E-22,5.03E-21
ENSG00000101057,MYBL2,3.800869319,5.86E-80,8.02E-78
ENSG00000109805,NCAPG,3.218739704,3.83E-79,5.05E-77
ENSG00000121152,NCAPH,2.966965925,4.56E-78,5.78E-76
ENSG00000143217,NECTIN4,2.328227604,6.23E-67,4.96E-65
ENSG00000109674,NEIL3,4.30627384,5.04E-84,8.32E-82
ENSG00000239672,NME1,2.187679098,1.87E-65,1.38E-63
ENSG00000181019,NQO1,3.021205443,3.05E-44,8.62E-43
ENSG00000143228,NUF2,3.707336833,2.45E-100,1.08E-97
ENSG00000145247,OCIAD2,2.178574024,1.57E-73,1.65E-71
ENSG00000102837,OLFM4,4.223668873,8.69E-21,6.26E-20
ENSG00000168078,PBK,3.396467935,3.51E-72,3.48E-70
ENSG00000166803,PCLAF,2.656791502,5.58E-69,4.80E-67
ENSG00000183036,PCP4,5.21642444,5.21E-50,1.98E-48
ENSG00000152256,PDK1,1.729532195,3.79E-48,1.32E-46
ENSG00000122861,PLAU,2.600868763,7.15E-38,1.44E-36
ENSG00000100558,PLEK2,2.710385541,4.06E-65,2.95E-63
ENSG00000166851,PLK1,3.189270315,8.17E-96,2.57E-93
ENSG00000141934,PLPP2,2.394330883,1.20E-72,1.22E-70
ENSG00000198901,PRC1,1.829202215,5.01E-25,4.80E-24
ENSG00000155066,PROM2,2.60753504,9.11E-60,5.21E-58
ENSG00000275896,PRSS2,5.304729821,4.67E-39,1.00E-37
ENSG00000135069,PSAT1,3.476334715,9.18E-82,1.33E-79
ENSG00000183010,PYCR1,3.688847758,6.91E-167,9.46E-163
ENSG00000111247,RAD51AP1,2.059781348,2.15E-42,5.57E-41
ENSG00000116191,RALGPS2,1.657472437,1.20E-49,4.50E-48
ENSG00000163923,RPL39L,2.307849999,5.28E-38,1.07E-36
ENSG00000163993,S100P,5.028509885,1.55E-54,7.25E-53
ENSG00000168528,SERINC2,2.016921646,1.20E-50,4.70E-49
ENSG00000129810,SGO1,3.235852327,2.01E-84,3.44E-82
ENSG00000197506,SLC28A3,1.223853188,4.27E-08,1.12E-07
ENSG00000117394,SLC2A1,3.484702582,4.77E-77,5.83E-75
ENSG00000137968,SLC44A5,2.469369155,1.84E-21,1.39E-20
ENSG00000169241,SLC50A1,1.750891464,4.64E-51,1.84E-49
ENSG00000151012,SLC7A11,3.140085437,5.37E-39,1.15E-37
ENSG00000103257,SLC7A5,2.685556769,2.59E-49,9.50E-48
ENSG00000111700,SLCO1B3,6.998557919,6.64E-39,1.41E-37
ENSG00000130768,SMPDL3B,1.801135352,1.77E-31,2.51E-30
ENSG00000076382,SPAG5,3.086801564,1.10E-97,3.90E-95
ENSG00000124664,SPDEF,3.244425039,5.63E-53,2.44E-51
ENSG00000164266,SPINK1,6.629230175,1.84E-73,1.93E-71
ENSG00000118785,SPP1,4.788954345,4.89E-87,1.00E-84
ENSG00000173898,SPTBN2,2.490712865,1.73E-85,3.17E-83
ENSG00000164647,STEAP1,2.834701562,1.91E-49,7.10E-48
ENSG00000123473,STIL,2.56489923,5.19E-90,1.26E-87
ENSG00000169302,STK32A,2.082449904,7.80E-31,1.07E-29
ENSG00000137573,SULF1,2.541723885,9.82E-44,2.70E-42
ENSG00000198203,SULT1C2,1.71801603,2.65E-13,1.10E-12
ENSG00000134827,TCN1,6.696053187,6.79E-61,4.08E-59
ENSG00000151790,TDO2,1.68518396,9.68E-20,6.42E-19
ENSG00000137203,TFAP2A,3.718961309,1.97E-69,1.74E-67
ENSG00000186340,THBS2,2.94575728,1.70E-47,5.69E-46
ENSG00000140534,TICRR,2.874280331,2.21E-70,2.04E-68
ENSG00000102265,TIMP1,1.505668571,5.77E-32,8.44E-31
ENSG00000087128,TMPRSS11E,6.708577125,2.62E-86,5.12E-84
ENSG00000137648,TMPRSS4,4.800254484,1.78E-106,1.22E-103
ENSG00000170439,TMT1B,2.586102638,1.95E-37,3.85E-36
ENSG00000146072,TNFRSF21,1.95436966,1.90E-60,1.12E-58
ENSG00000131746,TNS4,3.9038971,6.87E-40,1.55E-38
ENSG00000131747,TOP2A,3.880872996,1.02E-124,2.33E-121
ENSG00000103460,TOX3,2.812400813,2.75E-35,4.86E-34
ENSG00000088325,TPX2,3.641171594,8.40E-96,2.61E-93
ENSG00000112742,TTK,3.301279473,1.40E-82,2.17E-80
ENSG00000176890,TYMS,1.366437103,5.79E-29,7.10E-28
ENSG00000077152,UBE2T,3.310104103,1.30E-110,1.27E-107
ENSG00000174607,UGT8,2.158987606,5.12E-22,4.05E-21
ENSG00000101842,VSIG1,3.879815869,5.58E-28,6.48E-27
ENSG00000146530,VWDE,2.093879164,7.14E-18,4.16E-17
ENSG00000158125,XDH,4.056492238,5.87E-72,5.77E-70
ENSG00000196584,XRCC2,3.238594801,7.03E-99,2.79E-96
